company_name,job_title,link
CGI,Devops,https://www.youtube.com/@irfansview1/videos
Google,Nithish Company,https://www.youtube.com/@irfansview1/videos
Google,Merlin Company,https://www.youtube.com/@irfansview1/videos
CGI,Devops,https://www.youtube.com/@irfansview1/videos
Google,Nithish Company,https://www.youtube.com/@irfansview1/videos
Google,Merlin Company,https://www.youtube.com/@irfansview1/videos
CGI,Devops,https://www.youtube.com/@irfansview1/videos
Google,Nithish Company,https://www.youtube.com/@irfansview1/videos
Google,Merlin Company,https://www.youtube.com/@irfansview1/videos
CGI,Devops,https://www.youtube.com/@irfansview1/videos
Google,Nithish Company,https://www.youtube.com/@irfansview1/videos
Google,Merlin Company,https://www.youtube.com/@irfansview1/videos
CGI,Devops,https://www.youtube.com/@irfansview1/videos
Google,Nithish Company,https://www.youtube.com/@irfansview1/videos
Google,Merlin Company,https://www.youtube.com/@irfansview1/videos
